{
    "class": "morobot-s_Achse-3A_yellow",
    "image_path": "data/rgb/morobot-s_Achse-3A_yellow/0000.png",
    "K": {
        "fx": 616.741455078125,
        "fy": 616.919677734375,
        "cx": 324.817626953125,
        "cy": 238.0455780029297
    },
    "camera_pose": [
        [
            1.0,
            0.0,
            0.0,
            0.0
        ],
        [
            0.0,
            1.0,
            0.0,
            0.0
        ],
        [
            0.0,
            0.0,
            1.0,
            1.5
        ],
        [
            0.0,
            0.0,
            0.0,
            1.0
        ]
    ]
}